"","stock.id","species","stock","region","useflag","broodyear","spawners","r2","r3","r4","r5","r6","r7","recruits","logR_S"
"1",101,"Coho","Buskin River","Westward",1,1989,9356,0,2488,8774,648,0,NA,11910,0.241360534645276
"2",101,"Coho","Buskin River","Westward",1,1990,6039,0,2183,8158,299,0,NA,10640,0.566382048587734
"3",101,"Coho","Buskin River","Westward",1,1991,8434,0,3660,8938,1093,69,NA,13760,0.48949467718083
"4",101,"Coho","Buskin River","Westward",1,1992,6358,0,2804,8215,1517,0,NA,12536,0.678890642565109
"5",101,"Coho","Buskin River","Westward",1,1993,6318,37,2578,10208,1320,88,NA,14231,0.81201998132163
"6",101,"Coho","Buskin River","Westward",1,1994,7855,0,3035,9184,2569,0,NA,14788,0.632665769366801
"7",101,"Coho","Buskin River","Westward",1,1995,8438,0,2310,9123,1077,0,NA,12510,0.393783010776673
"8",101,"Coho","Buskin River","Westward",1,1996,8141,0,2347,8773,84,0,NA,11204,0.319357834806021
"9",101,"Coho","Buskin River","Westward",1,1997,10582,0,2193,8568,422,0,NA,11183,0.0552403235641112
"10",101,"Coho","Buskin River","Westward",1,1998,8742,0,8316,11688,1375,0,NA,21379,0.894270135377148
"11",101,"Coho","Buskin River","Westward",1,1999,9383,0,2253,11935,2137,0,NA,16325,0.553798133854582
"12",101,"Coho","Buskin River","Westward",1,2000,7737,0,3994,9653,1325,0,NA,14972,0.660167774474865
"13",101,"Coho","Buskin River","Westward",1,2001,13214,0,3624,14969,1135,0,NA,19728,0.400762072814295
"14",101,"Coho","Buskin River","Westward",1,2002,10349,38,5299,15228,141,0,NA,20706,0.693533616657885
"15",101,"Coho","Buskin River","Westward",1,2003,12754,66,5094,11954,258,0,NA,17372,0.309014766779496
"16",101,"Coho","Buskin River","Westward",1,2004,9016,0,3375,9217,705,0,NA,13297,0.388537669137094
"17",101,"Coho","Buskin River","Westward",1,2005,16235,70,4125,12782,185,0,NA,17162,0.0555282318301199
"18",101,"Coho","Buskin River","Westward",1,2006,12560,0,2315,7726,1047,0,NA,11088,-0.124653718592505
"19",101,"Coho","Buskin River","Westward",1,2007,8375,0,1854,6805,190,91,NA,8940,0.0652845114742926
"20",101,"Coho","Buskin River","Westward",1,2008,8176,0,1570,7253,273,0,NA,9096,0.106631722986886
"21",101,"Coho","Buskin River","Westward",1,2009,9583,0,382,8931,223,0,NA,9536,-0.00491658503863123
"22",101,"Coho","Buskin River","Westward",1,2010,6239,0,1550,11810,960,0,NA,14320,0.83083724840385
"23",101,"Coho","Buskin River","Westward",0,2011,5298,0,1671,NA,NA,NA,NA,1671,-1.15390714123662
"24",101,"Coho","Buskin River","Westward",0,2012,4906,0,NA,NA,NA,NA,NA,0,-Inf
"57",104,"Coho","Berners River","Southeast",0,1979,3460,NA,8886,22102,670,135,NA,31793,2.2179775506991
"58",104,"Coho","Berners River","Southeast",1,1982,7505,NA,8172,17483,278,0,NA,25933,1.23994682387777
"59",104,"Coho","Berners River","Southeast",1,1983,9840,NA,5298,12086,95,0,NA,17479,0.574544449288787
"60",104,"Coho","Berners River","Southeast",1,1984,2825,NA,1694,7281,625,0,NA,9600,1.22325473387539
"61",104,"Coho","Berners River","Southeast",1,1985,6169,NA,7596,13259,506,0,NA,21361,1.24203007924804
"62",104,"Coho","Berners River","Southeast",1,1986,1752,NA,5804,15245,424,0,NA,21473,2.5060383394708
"65",104,"Coho","Berners River","Southeast",1,1989,10819,NA,24843,34753,0,NA,NA,59596,1.70628461001966
"66",104,"Coho","Berners River","Southeast",1,1990,15074,NA,18633,41792,66,NA,NA,60491,1.38952318821902
"67",104,"Coho","Berners River","Southeast",1,1991,11243,NA,35417,14509,0,NA,NA,49926,1.49079619637873
"68",104,"Coho","Berners River","Southeast",1,1992,22011,NA,15433,9670,46,NA,NA,25149,0.133275805923863
"69",104,"Coho","Berners River","Southeast",1,1993,17145,NA,15443,10061,50,NA,NA,25554,0.399087274254248
"70",104,"Coho","Berners River","Southeast",1,1994,24014,NA,7602,16268,147,NA,NA,24017,0.000124919323099679
"71",104,"Coho","Berners River","Southeast",1,1995,5038,NA,8460,22045,46,NA,NA,30551,1.80238824037569
"72",104,"Coho","Berners River","Southeast",1,1996,7361,NA,13345,16596,72,NA,NA,30013,1.40543482805715
"73",104,"Coho","Berners River","Southeast",1,1997,15528,NA,7391,21596,0,NA,NA,28987,0.624202607752034
"74",104,"Coho","Berners River","Southeast",1,1998,9580,NA,15138,29189,71,NA,NA,44398,1.53351683139581
"75",104,"Coho","Berners River","Southeast",1,1999,9302,NA,27311,23344,141,NA,NA,50796,1.69758818052488
"76",104,"Coho","Berners River","Southeast",1,2000,14389,NA,8135,17695,0,NA,NA,25830,0.585072581326469
"77",104,"Coho","Berners River","Southeast",1,2001,22929,NA,18823,3966,34,NA,NA,22823,-0.00463368550711648
"78",104,"Coho","Berners River","Southeast",1,2002,41089,NA,10051,6937,0,NA,NA,16988,-0.883233233326537
"79",104,"Coho","Berners River","Southeast",1,2003,13004,NA,10170,1854,0,NA,NA,12024,-0.0783523499909855
"80",104,"Coho","Berners River","Southeast",1,2004,21477,NA,7812,5147,20,NA,NA,12979,-0.503649928376536
"81",104,"Coho","Berners River","Southeast",1,2005,4926,NA,10877,1990,0,NA,NA,12867,0.960138594504507
"82",104,"Coho","Berners River","Southeast",1,2006,8918,NA,8329,5682,0,NA,NA,14011,0.451771029183809
"83",104,"Coho","Berners River","Southeast",1,2007,3952,NA,17949,2419,42,NA,NA,20410,1.64180319693613
"84",104,"Coho","Berners River","Southeast",1,2008,11764,NA,11069,2754,131,NA,NA,13954,0.170722184825296
"85",104,"Coho","Berners River","Southeast",1,2009,4059,NA,7056,7498,0,NA,NA,14554,1.27692923206813
"86",104,"Coho","Berners River","Southeast",1,2010,9781,NA,14953,11039,69,NA,NA,26061,0.979998215637537
"108",107,"Coho","Akwe River","Southeast",1,1972,7000,NA,2025,4535,3145,NA,NA,9705,0.32673106756566
"109",107,"Coho","Akwe River","Southeast",1,1973,3000,NA,2536,23193,2278,NA,NA,28007,2.2338421902623
"110",107,"Coho","Akwe River","Southeast",1,1974,5000,NA,12973,16801,1509,NA,NA,31283,1.83363690657253
"111",107,"Coho","Akwe River","Southeast",1,1975,2200,NA,9397,11130,1608,NA,NA,22135,2.30870270581983
"112",107,"Coho","Akwe River","Southeast",1,1976,1500,NA,6225,11859,1392,NA,NA,19476,2.56371783021229
"113",107,"Coho","Akwe River","Southeast",1,1977,15000,NA,6633,10268,799,NA,NA,17700,0.165514438477573
"114",107,"Coho","Akwe River","Southeast",1,1978,7000,NA,5743,13316,208,NA,NA,19267,1.01248363884331
"115",107,"Coho","Akwe River","Southeast",1,1979,3000,NA,12517,11027,0,NA,NA,23544,2.06025872226306
"116",107,"Coho","Akwe River","Southeast",1,1980,5000,NA,9571,11491,1451,NA,NA,22513,1.50465500770474
"117",107,"Coho","Akwe River","Southeast",1,1981,5000,NA,6187,6891,1941,NA,NA,15019,1.09987815378934
"118",107,"Coho","Akwe River","Southeast",1,1982,3000,NA,3748,14313,3852,NA,NA,21913,1.98846777934516
"119",107,"Coho","Akwe River","Southeast",1,1983,6000,NA,8005,10856,3566,NA,NA,22427,1.3185061209161
"120",107,"Coho","Akwe River","Southeast",1,1984,2800,NA,2801,14771,1492,NA,NA,19064,1.91818232261528
"121",107,"Coho","Akwe River","Southeast",1,1985,2400,NA,7131,12679,793,NA,NA,20603,2.14996795890642
"122",107,"Coho","Akwe River","Southeast",1,1986,5900,NA,4475,8560,359,NA,NA,13394,0.819854494576185
"128",107,"Coho","Akwe River","Southeast",1,1972,28000,NA,4203,7190,6745,NA,NA,18138,-0.434195325149828
"129",107,"Coho","Akwe River","Southeast",1,1973,12000,NA,4021,49743,3958,NA,NA,57722,1.57073173355202
"130",107,"Coho","Akwe River","Southeast",1,1974,20000,NA,27823,29191,2229,NA,NA,59243,1.08591535602185
"131",107,"Coho","Akwe River","Southeast",1,1975,8800,NA,16327,16440,2808,NA,NA,35575,1.39689142249176
"132",107,"Coho","Akwe River","Southeast",1,1976,6000,NA,9195,20709,2592,NA,NA,32496,1.68935753560997
"133",107,"Coho","Akwe River","Southeast",1,1977,60000,NA,11583,19118,1069,NA,NA,31770,-0.635822113940676
"134",107,"Coho","Akwe River","Southeast",1,1978,28000,NA,10693,17816,388,NA,NA,28897,0.0315332733265695
"135",107,"Coho","Akwe River","Southeast",1,1979,12000,NA,16747,20567,0,NA,NA,37314,1.13446194156181
"136",107,"Coho","Akwe River","Southeast",1,1980,20000,NA,17851,16951,2315,NA,NA,37117,0.618342812132463
"137",107,"Coho","Akwe River","Southeast",1,1981,20000,NA,9127,10995,3356,NA,NA,23478,0.160331538902339
"138",107,"Coho","Akwe River","Southeast",1,1982,12000,NA,5980,24750,7086,NA,NA,37816,1.14782564370294
"139",107,"Coho","Akwe River","Southeast",1,1983,24000,NA,13843,19970,5624,NA,NA,39437,0.496650631584685
"140",107,"Coho","Akwe River","Southeast",1,1984,11200,NA,5153,23297,2668,NA,NA,31118,1.02187265159172
"141",107,"Coho","Akwe River","Southeast",1,1985,9600,NA,11247,22675,1528,NA,NA,35450,1.30636015450435
"142",107,"Coho","Akwe River","Southeast",1,1986,23600,NA,8003,16498,800,NA,NA,25301,0.0695972086124902
"148",107,"Coho","Akwe River","Southeast",1,1972,14000,NA,2751,5420,4345,NA,NA,12516,-0.112049503808623
"149",107,"Coho","Akwe River","Southeast",1,1973,6000,NA,3031,32043,2838,NA,NA,37912,1.84350821543723
"150",107,"Coho","Akwe River","Southeast",1,1974,10000,NA,17923,20931,1749,NA,NA,40603,1.40125686250941
"151",107,"Coho","Akwe River","Southeast",1,1975,4400,NA,11707,12900,2008,NA,NA,26615,1.79987042570051
"152",107,"Coho","Akwe River","Southeast",1,1976,3000,NA,7215,14809,1792,NA,NA,23816,2.07174533504537
"153",107,"Coho","Akwe River","Southeast",1,1977,30000,NA,8283,13218,889,NA,NA,22390,-0.292582951051492
"154",107,"Coho","Akwe River","Southeast",1,1978,14000,NA,7393,14816,268,NA,NA,22477,0.473435234547432
"155",107,"Coho","Akwe River","Southeast",1,1979,6000,NA,13927,14207,0,NA,NA,28134,1.54521934010745
"156",107,"Coho","Akwe River","Southeast",1,1980,10000,NA,12331,13311,1739,NA,NA,27381,1.0072642492088
"157",107,"Coho","Akwe River","Southeast",1,1981,10000,NA,7167,8259,2413,NA,NA,17839,0.578801978775085
"158",107,"Coho","Akwe River","Southeast",1,1982,6000,NA,4492,17794,4930,NA,NA,27216,1.51204556642545
"159",107,"Coho","Akwe River","Southeast",1,1983,12000,NA,9952,13894,4252,NA,NA,28098,0.850791749641459
"160",107,"Coho","Akwe River","Southeast",1,1984,5600,NA,3585,17613,1884,NA,NA,23082,1.41628649525711
"161",107,"Coho","Akwe River","Southeast",1,1985,4800,NA,8503,16011,1038,NA,NA,25552,1.67209967355881
"162",107,"Coho","Akwe River","Southeast",1,1986,11800,NA,5651,11206,506,NA,NA,17363,0.386241973890382
"168",107,"Coho","Akwe River","Southeast",1,1972,9333,NA,2266,4830,3545,NA,NA,10641,0.131157957875985
"169",107,"Coho","Akwe River","Southeast",1,1973,4000,NA,2701,26143,2465,NA,NA,31309,2.05761123503063
"170",107,"Coho","Akwe River","Southeast",1,1974,6667,NA,14623,18177,1589,NA,NA,34389,1.64056676216506
"171",107,"Coho","Akwe River","Southeast",1,1975,2933,NA,10167,11720,1741,NA,NA,23628,2.08640665944968
"172",107,"Coho","Akwe River","Southeast",1,1976,2000,NA,6555,12843,1526,NA,NA,20924,2.34774964494842
"173",107,"Coho","Akwe River","Southeast",1,1977,20000,NA,7183,11252,829,NA,NA,19264,-0.0374942044275805
"174",107,"Coho","Akwe River","Southeast",1,1978,9333,NA,6293,13816,228,NA,NA,20337,0.778885380533329
"175",107,"Coho","Akwe River","Southeast",1,1979,4000,NA,12987,12087,0,NA,NA,25074,1.83553709157394
"176",107,"Coho","Akwe River","Southeast",1,1980,6667,NA,10491,12097,1547,NA,NA,24135,1.28649308547653
"177",107,"Coho","Akwe River","Southeast",1,1981,6667,NA,6514,7347,2098,NA,NA,15959,0.872852949781126
"178",107,"Coho","Akwe River","Southeast",1,1982,4000,NA,3996,15473,4211,NA,NA,23680,1.77833644889591
"179",107,"Coho","Akwe River","Southeast",1,1983,8000,NA,8655,11868,3794,NA,NA,24317,1.11173415254609
"180",107,"Coho","Akwe River","Southeast",1,1984,3733,NA,3063,15719,1622,NA,NA,20404,1.69851876012823
"181",107,"Coho","Akwe River","Southeast",1,1985,3200,NA,7588,13790,874,NA,NA,22252,1.93928108240737
"182",107,"Coho","Akwe River","Southeast",1,1986,7867,NA,4867,9441,408,NA,NA,14716,0.626258541895423
"188",108,"Coho","East Alsek River","Southeast",1,1972,1500,NA,1899,2177,377,NA,NA,4453,1.0881129182314
"189",108,"Coho","East Alsek River","Southeast",1,1973,300,NA,3049,3579,753,NA,NA,7381,3.20288193511385
"190",108,"Coho","East Alsek River","Southeast",1,1974,3000,NA,5014,7150,340,NA,NA,12504,1.42743630445107
"191",108,"Coho","East Alsek River","Southeast",1,1975,1500,NA,10017,3232,281,NA,NA,13530,2.19944433407453
"192",108,"Coho","East Alsek River","Southeast",1,1976,2200,NA,4528,2674,901,NA,NA,8103,1.30377700311432
"193",108,"Coho","East Alsek River","Southeast",1,1977,2000,NA,3746,8555,373,NA,NA,12674,1.84640547034138
"194",108,"Coho","East Alsek River","Southeast",1,1978,4500,NA,11986,6471,0,NA,NA,18457,1.41136630554888
"195",108,"Coho","East Alsek River","Southeast",1,1979,1500,NA,5600,6178,0,NA,NA,11778,2.06076827641421
"196",108,"Coho","East Alsek River","Southeast",1,1980,2000,NA,7862,3052,1255,NA,NA,12169,1.80574455379472
"197",108,"Coho","East Alsek River","Southeast",1,1981,7200,NA,27466,16319,593,NA,NA,44378,1.81866282512222
"198",108,"Coho","East Alsek River","Southeast",1,1982,3200,NA,24269,3640,1207,NA,NA,29116,2.20813704145033
"199",108,"Coho","East Alsek River","Southeast",1,1983,3000,NA,4233,5086,2432,NA,NA,11751,1.36532605468369
"200",108,"Coho","East Alsek River","Southeast",1,1984,8000,NA,2328,14939,454,NA,NA,17721,0.795308835313372
"201",108,"Coho","East Alsek River","Southeast",1,1985,13000,NA,17372,4429,273,NA,NA,22074,0.529451087889156
"202",108,"Coho","East Alsek River","Southeast",1,1986,2200,NA,6473,5318,129,NA,NA,11920,1.68976030127293
"203",108,"Coho","East Alsek River","Southeast",1,1987,1300,NA,8045,1994,1262,NA,NA,11301,2.16252695291052
"204",108,"Coho","East Alsek River","Southeast",1,1988,5500,NA,4309,11986,1059,NA,NA,17354,1.14907493513287
"205",108,"Coho","East Alsek River","Southeast",0,1989,2000,NA,16793,10057,NA,NA,NA,26850,2.59711864039493
"206",108,"Coho","East Alsek River","Southeast",0,1990,2800,NA,14090,NA,NA,NA,NA,14090,1.61584590872943
"215",108,"Coho","East Alsek River","Southeast",1,1972,6000,NA,4414,4810,629,NA,NA,9853,0.496016508112283
"216",108,"Coho","East Alsek River","Southeast",1,1973,1200,NA,6739,5973,1320,NA,NA,14032,2.45901887883587
"217",108,"Coho","East Alsek River","Southeast",1,1974,12000,NA,8368,12536,529,NA,NA,21433,0.580025140566995
"218",108,"Coho","East Alsek River","Southeast",1,1975,6000,NA,17563,5028,533,NA,NA,23124,1.34911156999217
"219",108,"Coho","East Alsek River","Southeast",1,1976,8800,NA,7044,5068,1808,NA,NA,13920,0.458574933422113
"220",108,"Coho","East Alsek River","Southeast",1,1977,8000,NA,7100,17174,661,NA,NA,24935,1.13683089731825
"221",108,"Coho","East Alsek River","Southeast",1,1978,18000,NA,24060,11463,0,NA,NA,35523,0.679808616120765
"222",108,"Coho","East Alsek River","Southeast",1,1979,6000,NA,9920,10138,0,NA,NA,20058,1.20686860743796
"223",108,"Coho","East Alsek River","Southeast",1,1980,8000,NA,12902,5452,2425,NA,NA,20779,0.954501319637907
"224",108,"Coho","East Alsek River","Southeast",1,1981,28800,NA,49066,31529,1055,NA,NA,81650,1.04206643227457
"225",108,"Coho","East Alsek River","Southeast",1,1982,12800,NA,46889,6478,1753,NA,NA,55120,1.46006745577983
"226",108,"Coho","East Alsek River","Southeast",1,1983,12000,NA,7533,7387,3587,NA,NA,18507,0.433242389107611
"227",108,"Coho","East Alsek River","Southeast",1,1984,32000,NA,3381,22034,694,NA,NA,26109,-0.20345582032424
"228",108,"Coho","East Alsek River","Southeast",1,1985,52000,NA,25622,6769,441,NA,NA,32832,-0.459840069033123
"229",108,"Coho","East Alsek River","Southeast",1,1986,8800,NA,9893,8594,243,NA,NA,18730,0.755374794971836
"230",108,"Coho","East Alsek River","Southeast",1,1987,5200,NA,13001,3761,1728,NA,NA,18490,1.26857141981165
"231",108,"Coho","East Alsek River","Southeast",1,1988,22000,NA,8128,16415,2256,NA,NA,26799,0.197322120029496
"232",108,"Coho","East Alsek River","Southeast",0,1989,8000,NA,22998,21428,NA,NA,NA,44426,1.71438334195559
"233",108,"Coho","East Alsek River","Southeast",0,1990,11200,NA,30021,NA,NA,NA,NA,30021,0.98598335847538
"242",108,"Coho","East Alsek River","Southeast",1,1972,3000,NA,2737,3054,461,NA,NA,6252,0.734289123891121
"243",108,"Coho","East Alsek River","Southeast",1,1973,600,NA,4279,4377,942,NA,NA,9598,2.77238036720204
"244",108,"Coho","East Alsek River","Southeast",1,1974,6000,NA,6132,8945,403,NA,NA,15480,0.947789398933526
"245",108,"Coho","East Alsek River","Southeast",1,1975,3000,NA,12532,3831,365,NA,NA,16728,1.71847167345822
"246",108,"Coho","East Alsek River","Southeast",1,1976,4400,NA,5367,3472,1203,NA,NA,10042,0.825171756688298
"247",108,"Coho","East Alsek River","Southeast",1,1977,4000,NA,4864,11428,469,NA,NA,16761,1.43276039802523
"248",108,"Coho","East Alsek River","Southeast",1,1978,9000,NA,16011,8135,0,NA,NA,24146,0.986894157573976
"249",108,"Coho","East Alsek River","Southeast",1,1979,3000,NA,7040,7498,0,NA,NA,14538,1.57815362239433
"250",108,"Coho","East Alsek River","Southeast",1,1980,4000,NA,9542,3852,1645,NA,NA,15039,1.32435246582959
"251",108,"Coho","East Alsek River","Southeast",1,1981,14400,NA,34666,21389,747,NA,NA,56802,1.37234332979285
"252",108,"Coho","East Alsek River","Southeast",1,1982,6400,NA,31809,4586,1389,NA,NA,37784,1.77558774222819
"253",108,"Coho","East Alsek River","Southeast",1,1983,6000,NA,5333,5853,2817,NA,NA,14003,0.847512123145585
"254",108,"Coho","East Alsek River","Southeast",1,1984,16000,NA,2679,17304,534,NA,NA,20517,0.248665088544287
"255",108,"Coho","East Alsek River","Southeast",1,1985,26000,NA,20122,5209,329,NA,NA,25660,-0.0131631788339917
"256",108,"Coho","East Alsek River","Southeast",1,1986,4400,NA,7613,6410,167,NA,NA,14190,1.17093295024774
"257",108,"Coho","East Alsek River","Southeast",1,1987,2600,NA,9697,2583,1417,NA,NA,13697,1.66166538572525
"258",108,"Coho","East Alsek River","Southeast",1,1988,11000,NA,5582,13463,1458,NA,NA,20503,0.622675944102539
"259",108,"Coho","East Alsek River","Southeast",0,1989,4000,NA,18861,13847,NA,NA,NA,32708,2.10132533517984
"260",108,"Coho","East Alsek River","Southeast",0,1990,5600,NA,19400,NA,NA,NA,NA,19400,1.24250646832818
"269",108,"Coho","East Alsek River","Southeast",1,1972,2000,NA,2178,2469,405,NA,NA,5052,0.926637023928299
"270",108,"Coho","East Alsek River","Southeast",1,1973,400,NA,3459,3845,816,NA,NA,8120,3.01062088604774
"271",108,"Coho","East Alsek River","Southeast",1,1974,4000,NA,5387,7748,361,NA,NA,13496,1.21609898412378
"272",108,"Coho","East Alsek River","Southeast",1,1975,2000,NA,10855,3432,309,NA,NA,14596,1.98760033801426
"273",108,"Coho","East Alsek River","Southeast",1,1976,2933,NA,4808,2940,1001,NA,NA,8749,1.09291361812881
"274",108,"Coho","East Alsek River","Southeast",1,1977,2667,NA,4119,9513,405,NA,NA,14037,1.66074245535231
"275",108,"Coho","East Alsek River","Southeast",1,1978,6000,NA,13328,7026,0,NA,NA,20354,1.22151798354168
"276",108,"Coho","East Alsek River","Southeast",1,1979,2000,NA,6080,6618,0,NA,NA,12698,1.84829732018831
"277",108,"Coho","East Alsek River","Southeast",1,1980,2667,NA,8422,3319,1385,NA,NA,13126,1.59364075085165
"278",108,"Coho","East Alsek River","Southeast",1,1981,9600,NA,29867,18009,644,NA,NA,48520,1.62021298560206
"279",108,"Coho","East Alsek River","Southeast",1,1982,4267,NA,26782,3956,1268,NA,NA,32006,2.01501238101794
"280",108,"Coho","East Alsek River","Southeast",1,1983,4000,NA,4600,5342,2560,NA,NA,12502,1.13959427038973
"281",108,"Coho","East Alsek River","Southeast",1,1984,10667,NA,2445,15728,481,NA,NA,18654,0.558905736661326
"282",108,"Coho","East Alsek River","Southeast",1,1985,17333,NA,18288,4689,291,NA,NA,23268,0.294466827089342
"283",108,"Coho","East Alsek River","Southeast",1,1986,2933,NA,6854,5682,141,NA,NA,12677,1.46376353796128
"284",108,"Coho","East Alsek River","Southeast",1,1987,1733,NA,8595,2190,1314,NA,NA,12099,1.94326879382587
"285",108,"Coho","East Alsek River","Southeast",1,1988,7333,NA,4734,12478,1192,NA,NA,18404,0.92018332318156
"286",108,"Coho","East Alsek River","Southeast",0,1989,2667,NA,17482,11320,NA,NA,NA,28802,2.37949058397531
"287",108,"Coho","East Alsek River","Southeast",0,1990,3733,NA,15860,NA,NA,NA,NA,15860,1.44658801627426
"296",109,"Coho","Italio River","Southeast",1,1972,4000,NA,2666,3446,807,NA,NA,6919,0.547976889396783
"297",109,"Coho","Italio River","Southeast",1,1973,800,NA,4073,8881,642,NA,NA,13596,2.83291918314808
"298",109,"Coho","Italio River","Southeast",1,1974,3000,NA,10495,7059,533,NA,NA,18087,1.79658115950727
"299",109,"Coho","Italio River","Southeast",1,1975,1450,NA,8342,5861,577,NA,NA,14780,2.32171135908757
"300",109,"Coho","Italio River","Southeast",1,1976,1000,NA,6927,6346,700,NA,NA,13973,2.63712689609831
"301",109,"Coho","Italio River","Southeast",1,1977,8000,NA,7499,7702,490,NA,NA,15691,0.673645757897095
"302",109,"Coho","Italio River","Southeast",1,1978,3000,NA,9102,11766,0,NA,NA,20868,1.93960459649204
"303",109,"Coho","Italio River","Southeast",0,1979,3000,NA,12256,2632,0,NA,NA,14888,1.60194323067184
"304",109,"Coho","Italio River","Southeast",1,1980,3000,NA,5857,9658,1834,NA,NA,17349,1.75492257917608
"305",109,"Coho","Italio River","Southeast",1,1981,5500,NA,11805,8669,481,NA,NA,20955,1.33762918913861
"306",109,"Coho","Italio River","Southeast",1,1982,5000,NA,6168,4487,76,NA,NA,10731,0.76369883651089
"307",109,"Coho","Italio River","Southeast",1,1983,500,NA,3045,2440,980,NA,NA,6465,2.55955019278377
"308",109,"Coho","Italio River","Southeast",1,1984,4450,NA,5109,4899,230,NA,NA,10238,0.833202191857243
"309",109,"Coho","Italio River","Southeast",1,1985,5500,NA,3028,2526,497,NA,NA,6051,0.0954754554017592
"310",109,"Coho","Italio River","Southeast",1,1986,2700,NA,2985,3604,317,NA,NA,6906,0.939138825957517
"311",109,"Coho","Italio River","Southeast",1,1987,3500,NA,8327,3487,365,NA,NA,12179,1.24695018860961
"312",109,"Coho","Italio River","Southeast",1,1988,4000,NA,4120,4010,799,NA,NA,8929,0.803010045415189
"313",109,"Coho","Italio River","Southeast",0,1989,4200,NA,4739,8788,NA,NA,NA,13527,1.16960316281773
"314",109,"Coho","Italio River","Southeast",0,1990,5700,NA,10385,NA,NA,NA,NA,10385,0.599896282487571
"323",109,"Coho","Italio River","Southeast",1,1972,16000,NA,4928,4766,1767,NA,NA,11461,-0.333638754725219
"324",109,"Coho","Italio River","Southeast",1,1973,3200,NA,5633,19441,1002,NA,NA,26076,2.09786454125661
"325",109,"Coho","Italio River","Southeast",1,1974,12000,NA,22975,11019,893,NA,NA,34887,1.06720761719102
"326",109,"Coho","Italio River","Southeast",1,1975,5800,NA,13022,9821,937,NA,NA,23780,1.41098697371026
"327",109,"Coho","Italio River","Southeast",1,1976,4000,NA,11607,10306,1360,NA,NA,23273,1.76099952924264
"328",109,"Coho","Italio River","Southeast",1,1977,32000,NA,12179,14962,790,NA,NA,27931,-0.135998719688379
"329",109,"Coho","Italio River","Southeast",1,1978,12000,NA,17682,18966,0,NA,NA,36648,1.11645220679644
"330",109,"Coho","Italio River","Southeast",0,1979,12000,NA,19756,3099,0,NA,NA,22855,0.644263261995707
"331",109,"Coho","Italio River","Southeast",1,1980,12000,NA,6899,15666,4749,NA,NA,27314,0.822492741468232
"332",109,"Coho","Italio River","Southeast",1,1981,22000,NA,19147,22449,967,NA,NA,42563,0.659942877912664
"333",109,"Coho","Italio River","Southeast",1,1982,20000,NA,15973,9023,181,NA,NA,25177,0.230198605787887
"334",109,"Coho","Italio River","Southeast",1,1983,2000,NA,6123,5800,2300,NA,NA,14223,1.96171319202815
"335",109,"Coho","Italio River","Southeast",1,1984,17800,NA,12144,11499,734,NA,NA,24377,0.3144416075019
"336",109,"Coho","Italio River","Southeast",1,1985,22000,NA,7108,8070,1181,NA,NA,16359,-0.296264248746282
"337",109,"Coho","Italio River","Southeast",1,1986,10800,NA,9537,8563,917,NA,NA,19017,0.565787181839965
"338",109,"Coho","Italio River","Southeast",1,1987,14000,NA,19784,10087,1031,NA,NA,30902,0.791763577112968
"339",109,"Coho","Italio River","Southeast",1,1988,16000,NA,11920,11336,1765,NA,NA,25021,0.447126750025863
"340",109,"Coho","Italio River","Southeast",0,1989,16800,NA,13397,19414,NA,NA,NA,32811,0.669384938611985
"341",109,"Coho","Italio River","Southeast",0,1990,22800,NA,22943,NA,NA,NA,NA,22943,0.00625234312762975
"350",109,"Coho","Italio River","Southeast",1,1972,8000,NA,3420,3886,1127,NA,NA,8433,0.0527110389126686
"351",109,"Coho","Italio River","Southeast",1,1973,1600,NA,4593,12401,762,NA,NA,17756,2.40671985772605
"352",109,"Coho","Italio River","Southeast",1,1974,6000,NA,14655,8379,653,NA,NA,23687,1.37316690521239
"353",109,"Coho","Italio River","Southeast",1,1975,2900,NA,9902,7181,697,NA,NA,17780,1.81336349309333
"354",109,"Coho","Italio River","Southeast",1,1976,2000,NA,8487,7666,920,NA,NA,17073,2.14435108772915
"355",109,"Coho","Italio River","Southeast",1,1977,16000,NA,9059,10122,590,NA,NA,19771,0.211627495352962
"356",109,"Coho","Italio River","Southeast",1,1978,6000,NA,11962,14166,0,NA,NA,26128,1.47124806700005
"357",109,"Coho","Italio River","Southeast",0,1979,6000,NA,14756,2789,0,NA,NA,17545,1.07300953980712
"358",109,"Coho","Italio River","Southeast",1,1980,6000,NA,6209,11661,3539,NA,NA,21409,1.27205192513653
"359",109,"Coho","Italio River","Southeast",1,1981,11000,NA,14252,16729,643,NA,NA,31624,1.05602105319601
"360",109,"Coho","Italio River","Southeast",1,1982,10000,NA,11903,5999,111,NA,NA,18013,0.588508626447376
"361",109,"Coho","Italio River","Southeast",1,1983,1000,NA,4071,3560,1420,NA,NA,9051,2.20287524884503
"362",109,"Coho","Italio River","Southeast",1,1984,8900,NA,7454,7099,398,NA,NA,14951,0.518726910493697
"363",109,"Coho","Italio River","Southeast",1,1985,11000,NA,4388,4374,725,NA,NA,9487,-0.147972832387631
"364",109,"Coho","Italio River","Southeast",1,1986,5400,NA,5169,5257,517,NA,NA,10943,0.706301028866077
"365",109,"Coho","Italio River","Southeast",1,1987,7000,NA,12146,5687,587,NA,NA,18420,0.967526881771847
"366",109,"Coho","Italio River","Southeast",1,1988,8000,NA,6720,6452,1121,NA,NA,14293,0.580328365247142
"367",109,"Coho","Italio River","Southeast",0,1989,8400,NA,7625,12330,NA,NA,NA,19955,0.865248032651429
"368",109,"Coho","Italio River","Southeast",0,1990,11400,NA,14571,NA,NA,NA,NA,14571,0.245419896631268
"377",109,"Coho","Italio River","Southeast",1,1972,5333,NA,2917,3593,914,NA,NA,7424,0.330804063865434
"378",109,"Coho","Italio River","Southeast",1,1973,1067,NA,4246,10054,682,NA,NA,14982,2.64199850820607
"379",109,"Coho","Italio River","Southeast",1,1974,4000,NA,11882,7499,573,NA,NA,19954,1.60713526337142
"380",109,"Coho","Italio River","Southeast",1,1975,1933,NA,8862,6301,617,NA,NA,15780,2.09967011519153
"381",109,"Coho","Italio River","Southeast",1,1976,1333,NA,7447,6786,773,NA,NA,15006,2.42101807992697
"382",109,"Coho","Italio River","Southeast",1,1977,10667,NA,8019,8508,524,NA,NA,17051,0.469053989392669
"383",109,"Coho","Italio River","Southeast",1,1978,4000,NA,10055,12566,0,NA,NA,22621,1.73258431725581
"384",109,"Coho","Italio River","Southeast",0,1979,4000,NA,13090,2686,0,NA,NA,15776,1.37219543674039
"385",109,"Coho","Italio River","Southeast",1,1980,4000,NA,5979,10326,3135,NA,NA,19440,1.5810384379124
"386",109,"Coho","Italio River","Southeast",1,1981,7333,NA,12620,14822,535,NA,NA,27977,1.3389980349348
"387",109,"Coho","Italio River","Southeast",1,1982,6667,NA,10546,4991,88,NA,NA,15625,0.851702211986542
"388",109,"Coho","Italio River","Southeast",1,1983,667,NA,3387,2813,1126,NA,NA,7326,2.39639489742314
"389",109,"Coho","Italio River","Southeast",1,1984,5933,NA,5891,5632,286,NA,NA,11809,0.688331965342638
"390",109,"Coho","Italio River","Southeast",1,1985,7333,NA,3482,3142,573,NA,NA,7197,-0.0187204365859953
"391",109,"Coho","Italio River","Southeast",1,1986,3600,NA,3713,4155,384,NA,NA,8252,0.829521749746941
"392",109,"Coho","Italio River","Southeast",1,1987,4667,NA,9600,4220,439,NA,NA,14259,1.1168718193323
"393",109,"Coho","Italio River","Southeast",1,1988,5333,NA,4987,4824,906,NA,NA,10717,0.697917334112395
"394",109,"Coho","Italio River","Southeast",0,1989,5600,NA,5701,9968,NA,NA,NA,15669,1.02891764038117
"395",109,"Coho","Italio River","Southeast",0,1990,7600,NA,11781,NA,NA,NA,NA,11781,0.438339816971697
"404",110,"Coho","Kaliakh River","Southeast",1,1973,8000,NA,4346,12514,2635,NA,NA,19495,0.890716480754725
"405",110,"Coho","Kaliakh River","Southeast",0,1974,5700,NA,8646,20707,1648,NA,NA,31001,1.69355328718888
"406",110,"Coho","Kaliakh River","Southeast",1,1975,3500,NA,14307,12950,953,NA,NA,28210,2.08691355651854
"407",110,"Coho","Kaliakh River","Southeast",1,1976,8000,NA,8947,7491,682,NA,NA,17120,0.76080582903376
"408",110,"Coho","Kaliakh River","Southeast",0,1977,16500,NA,5176,5359,320,NA,NA,10855,-0.41873457757628
"409",110,"Coho","Kaliakh River","Southeast",1,1978,25000,NA,3703,17579,137,NA,NA,21419,-0.154597446279195
"410",110,"Coho","Kaliakh River","Southeast",0,1979,14000,NA,14063,7790,196,NA,NA,22049,0.454209919775264
"411",110,"Coho","Kaliakh River","Southeast",1,1980,3000,NA,5740,6480,7105,NA,NA,19325,1.86278730580538
"412",110,"Coho","Kaliakh River","Southeast",1,1981,5000,NA,12959,47365,2340,NA,NA,62664,2.52834920763084
"413",110,"Coho","Kaliakh River","Southeast",1,1982,8000,NA,24472,12871,3611,NA,NA,40954,1.63300794394653
"414",110,"Coho","Kaliakh River","Southeast",1,1983,6000,NA,4290,12865,2449,NA,NA,19604,1.18397415781925
"415",110,"Coho","Kaliakh River","Southeast",1,1984,3500,NA,6094,6059,2116,NA,NA,14269,1.40532638345307
"416",110,"Coho","Kaliakh River","Southeast",1,1985,37500,NA,4383,13079,1345,NA,NA,18807,-0.690111792016424
"417",110,"Coho","Kaliakh River","Southeast",1,1986,5200,NA,4039,11533,0,NA,NA,15572,1.09681580416083
"418",110,"Coho","Kaliakh River","Southeast",0,1987,3800,NA,6343,1867,61,NA,NA,8271,0.777754353977429
"419",110,"Coho","Kaliakh River","Southeast",1,1988,2500,NA,3320,3972,791,NA,NA,8083,1.17347235887755
"420",110,"Coho","Kaliakh River","Southeast",0,1989,1000,NA,2077,6213,NA,NA,NA,8290,2.1150499691472
"421",110,"Coho","Kaliakh River","Southeast",0,1990,3450,NA,4293,NA,NA,NA,NA,4293,0.218611558199155
"430",110,"Coho","Kaliakh River","Southeast",1,1973,32000,NA,13466,39739,7885,NA,NA,61090,0.646612283861949
"431",110,"Coho","Kaliakh River","Southeast",0,1974,22800,NA,27456,61957,4588,NA,NA,94001,1.4165448845509
"432",110,"Coho","Kaliakh River","Southeast",1,1975,14000,NA,42807,36050,1583,NA,NA,80440,1.74845423528919
"433",110,"Coho","Kaliakh River","Southeast",1,1976,32000,NA,24907,12441,1732,NA,NA,39080,0.199874924374855
"434",110,"Coho","Kaliakh River","Southeast",0,1977,66000,NA,8596,13609,560,NA,NA,22765,-1.06443047323968
"435",110,"Coho","Kaliakh River","Southeast",1,1978,100000,NA,9403,30779,317,NA,NA,40499,-0.903892903538459
"436",110,"Coho","Kaliakh River","Southeast",0,1979,56000,NA,24623,18050,301,NA,NA,42974,-0.264756409079613
"437",110,"Coho","Kaliakh River","Southeast",1,1980,12000,NA,13300,9945,17230,NA,NA,40475,1.2157778497757
"438",110,"Coho","Kaliakh River","Southeast",1,1981,20000,NA,19889,114865,4212,NA,NA,138966,1.93849702533964
"439",110,"Coho","Kaliakh River","Southeast",1,1982,32000,NA,59347,23167,5435,NA,NA,87949,1.01102119822255
"440",110,"Coho","Kaliakh River","Southeast",1,1983,24000,NA,7722,19363,3874,NA,NA,30959,0.254609918110331
"441",110,"Coho","Kaliakh River","Southeast",1,1984,14000,NA,9172,9584,2446,NA,NA,21202,0.415038187235647
"442",110,"Coho","Kaliakh River","Southeast",1,1985,150000,NA,6933,15119,2070,NA,NA,24122,-1.8275110069352
"443",110,"Coho","Kaliakh River","Southeast",1,1986,20800,NA,4669,17743,0,NA,NA,22412,0.0746435429957657
"444",110,"Coho","Kaliakh River","Southeast",0,1987,15200,NA,9758,2515,106,NA,NA,12379,-0.205293939302558
"445",110,"Coho","Kaliakh River","Southeast",1,1988,10000,NA,4472,6897,1106,NA,NA,12475,0.221141548643537
"446",110,"Coho","Kaliakh River","Southeast",0,1989,4000,NA,3607,8688,NA,NA,NA,12295,1.12289831454827
"447",110,"Coho","Kaliakh River","Southeast",0,1990,13800,NA,6003,NA,NA,NA,NA,6003,-0.832409247893453
"456",110,"Coho","Kaliakh River","Southeast",1,1973,16000,NA,7386,21589,4385,NA,NA,33360,0.734768855250765
"457",110,"Coho","Kaliakh River","Southeast",0,1974,11400,NA,14916,34457,2628,NA,NA,52001,1.5176495937653
"458",110,"Coho","Kaliakh River","Southeast",1,1975,7000,NA,23807,20650,1163,NA,NA,45620,1.87443606780093
"459",110,"Coho","Kaliakh River","Southeast",1,1976,16000,NA,14267,9141,1032,NA,NA,24440,0.423632412063613
"460",110,"Coho","Kaliakh River","Southeast",0,1977,33000,NA,6316,8109,400,NA,NA,14825,-0.800192616582691
"461",110,"Coho","Kaliakh River","Southeast",1,1978,50000,NA,5603,21979,197,NA,NA,27779,-0.587742665870091
"462",110,"Coho","Kaliakh River","Southeast",0,1979,28000,NA,17583,11210,231,NA,NA,29024,0.0359185637575221
"463",110,"Coho","Kaliakh River","Southeast",1,1980,6000,NA,8260,7635,10480,NA,NA,26375,1.48065712256818
"464",110,"Coho","Kaliakh River","Southeast",1,1981,10000,NA,15269,69865,2964,NA,NA,88098,2.17586473821481
"465",110,"Coho","Kaliakh River","Southeast",1,1982,16000,NA,36097,16303,4219,NA,NA,56619,1.26375589568433
"466",110,"Coho","Kaliakh River","Southeast",1,1983,12000,NA,5434,15031,2924,NA,NA,23389,0.667359176580757
"467",110,"Coho","Kaliakh River","Southeast",1,1984,7000,NA,7120,7234,2226,NA,NA,16580,0.862287000651836
"468",110,"Coho","Kaliakh River","Southeast",1,1985,75000,NA,5233,13759,1587,NA,NA,20579,-1.2932169751759
"469",110,"Coho","Kaliakh River","Southeast",1,1986,10400,NA,4249,13603,0,NA,NA,17852,0.540309740619696
"470",110,"Coho","Kaliakh River","Southeast",0,1987,7600,NA,7481,2083,76,NA,NA,9640,0.237772861330169
"471",110,"Coho","Kaliakh River","Southeast",1,1988,5000,NA,3704,4947,896,NA,NA,9547,0.646789056581796
"472",110,"Coho","Kaliakh River","Southeast",0,1989,2000,NA,2587,7038,NA,NA,NA,9625,1.5712166996139
"473",110,"Coho","Kaliakh River","Southeast",0,1990,6900,NA,4863,NA,NA,NA,NA,4863,-0.349865880181565
"482",110,"Coho","Kaliakh River","Southeast",1,1973,10667,NA,5360,15539,3219,NA,NA,24118,0.815803586038055
"483",110,"Coho","Kaliakh River","Southeast",0,1974,7600,NA,10736,25290,1975,NA,NA,38001,1.60946422787732
"484",110,"Coho","Kaliakh River","Southeast",1,1975,4667,NA,17473,15517,1023,NA,NA,34013,1.9862263375114
"485",110,"Coho","Kaliakh River","Southeast",1,1976,10667,NA,10721,8041,799,NA,NA,19561,0.606382924400877
"486",110,"Coho","Kaliakh River","Southeast",0,1977,22000,NA,5556,6276,346,NA,NA,12178,-0.591411408171933
"487",110,"Coho","Kaliakh River","Southeast",1,1978,33333,NA,4336,19046,157,NA,NA,23539,-0.347889277223791
"488",110,"Coho","Kaliakh River","Southeast",0,1979,18667,NA,15237,8930,208,NA,NA,24375,0.266800757833451
"489",110,"Coho","Kaliakh River","Southeast",1,1980,4000,NA,6580,6865,8230,NA,NA,21675,1.68986516154672
"490",110,"Coho","Kaliakh River","Southeast",1,1981,6667,NA,13729,54865,2548,NA,NA,71142,2.36750789606807
"491",110,"Coho","Kaliakh River","Southeast",1,1982,10667,NA,28347,14015,3814,NA,NA,46176,1.46530531894811
"492",110,"Coho","Kaliakh River","Southeast",1,1983,8000,NA,4672,13588,2608,NA,NA,20868,0.95877534348031
"493",110,"Coho","Kaliakh River","Southeast",1,1984,4667,NA,6436,6450,2152,NA,NA,15038,1.17006386398816
"494",110,"Coho","Kaliakh River","Southeast",1,1985,50000,NA,4666,13306,1426,NA,NA,19398,-0.946853037456795
"495",110,"Coho","Kaliakh River","Southeast",1,1986,6933,NA,4109,12223,0,NA,NA,16332,0.856833753496976
"496",110,"Coho","Kaliakh River","Southeast",0,1987,5067,NA,6722,1939,66,NA,NA,8727,0.543672741687402
"497",110,"Coho","Kaliakh River","Southeast",1,1988,3333,NA,3448,4297,826,NA,NA,8571,0.944511612591143
"498",110,"Coho","Kaliakh River","Southeast",0,1989,1333,NA,2247,6488,NA,NA,NA,8735,1.87990590238945
"499",110,"Coho","Kaliakh River","Southeast",0,1990,4600,NA,4483,NA,NA,NA,NA,4483,-0.0257638383217469
"508",111,"Coho","Lost River","Southeast",1,1972,3800,NA,2750,3608,924,NA,NA,7282,0.650404483020902
"509",111,"Coho","Lost River","Southeast",1,1973,1978,NA,3608,7238,917,NA,NA,11763,1.78287277877778
"510",111,"Coho","Lost River","Southeast",1,1974,2500,NA,7238,7183,1252,NA,NA,15673,1.83564875479778
"511",111,"Coho","Lost River","Southeast",1,1975,1300,NA,7183,9808,1168,NA,NA,18159,2.63680204111017
"512",111,"Coho","Lost River","Southeast",1,1976,1200,NA,9808,9149,1392,NA,NA,20349,2.8307102138381
"513",111,"Coho","Lost River","Southeast",1,1977,4050,NA,9149,10903,0,NA,NA,20052,1.59961201828281
"514",111,"Coho","Lost River","Southeast",1,1978,3450,NA,10903,15527,0,NA,NA,26430,2.03612549757293
"515",111,"Coho","Lost River","Southeast",1,1979,8450,NA,23722,11639,0,NA,NA,35361,1.43144307654346
"516",111,"Coho","Lost River","Southeast",1,1980,5700,NA,18881,7976,469,NA,NA,27326,1.56737245507579
"517",111,"Coho","Lost River","Southeast",1,1981,7363,NA,14179,11718,1768,NA,NA,27665,1.32370061796349
"518",111,"Coho","Lost River","Southeast",1,1982,10400,NA,7265,6945,1924,NA,NA,16134,0.439123040367456
"519",111,"Coho","Lost River","Southeast",1,1983,8110,NA,4294,7845,1395,NA,NA,13534,0.512107169682712
"520",111,"Coho","Lost River","Southeast",1,1984,6780,NA,5772,6339,1168,NA,NA,13279,0.672206738055886
"521",111,"Coho","Lost River","Southeast",1,1985,3300,NA,5325,5604,634,NA,NA,11563,1.25388787667439
"522",111,"Coho","Lost River","Southeast",1,1986,3610,NA,5371,10778,316,NA,NA,16465,1.51752914348354
"523",111,"Coho","Lost River","Southeast",1,1987,5482,NA,8876,3348,1160,NA,NA,13384,0.892589965803929
"524",111,"Coho","Lost River","Southeast",1,1988,2600,NA,2969,9090,1594,NA,NA,13653,1.65844783267518
"525",111,"Coho","Lost River","Southeast",0,1989,2190,NA,9090,12486,NA,NA,NA,21576,2.28768004200902
"526",111,"Coho","Lost River","Southeast",0,1990,9460,NA,12486,NA,NA,NA,NA,12486,0.277535633575765
"535",111,"Coho","Lost River","Southeast",1,1972,15200,NA,4583,5300,1653,NA,NA,11536,-0.275822847309638
"536",111,"Coho","Lost River","Southeast",1,1973,7912,NA,5300,12949,1538,NA,NA,19787,0.916644562089892
"537",111,"Coho","Lost River","Southeast",1,1974,10000,NA,12949,12048,2773,NA,NA,27770,1.02137120832466
"538",111,"Coho","Lost River","Southeast",1,1975,5200,NA,12048,21723,2194,NA,NA,35965,1.93388761773194
"539",111,"Coho","Lost River","Southeast",1,1976,4800,NA,21723,17186,2717,NA,NA,41626,2.16010905412221
"540",111,"Coho","Lost River","Southeast",1,1977,16200,NA,17186,21284,0,NA,NA,38470,0.864867474525865
"541",111,"Coho","Lost River","Southeast",1,1978,13800,NA,21284,26759,0,NA,NA,48043,1.24742785105886
"542",111,"Coho","Lost River","Southeast",1,1979,33800,NA,40882,22587,0,NA,NA,63469,0.630090795230259
"543",111,"Coho","Lost River","Southeast",1,1980,22800,NA,36642,13467,667,NA,NA,50776,0.800663266043774
"544",111,"Coho","Lost River","Southeast",1,1981,29452,NA,23942,16668,3284,NA,NA,43894,0.399015816974196
"545",111,"Coho","Lost River","Southeast",1,1982,41600,NA,10334,12902,4062,NA,NA,27298,-0.421286727833214
"546",111,"Coho","Lost River","Southeast",1,1983,32440,NA,7976,16561,2253,NA,NA,26790,-0.191363545690695
"547",111,"Coho","Lost River","Southeast",1,1984,27120,NA,12186,10239,1825,NA,NA,24250,-0.111854845688703
"548",111,"Coho","Lost River","Southeast",1,1985,13200,NA,8601,8758,1485,NA,NA,18844,0.355977731245469
"549",111,"Coho","Lost River","Southeast",1,1986,14440,NA,8393,25252,492,NA,NA,34137,0.860379706578301
"550",111,"Coho","Lost River","Southeast",1,1987,21928,NA,20795,5216,1923,NA,NA,27934,0.242080225883095
"551",111,"Coho","Lost River","Southeast",1,1988,10400,NA,4626,15062,2572,NA,NA,22260,0.760985539700072
"552",111,"Coho","Lost River","Southeast",0,1989,8760,NA,15062,20151,NA,NA,NA,35213,1.3912194276564
"553",111,"Coho","Lost River","Southeast",0,1990,37840,NA,20151,NA,NA,NA,NA,20151,-0.63011282923084
"562",111,"Coho","Lost River","Southeast",1,1972,7600,NA,3361,4172,1167,NA,NA,8700,0.135174778368253
"563",111,"Coho","Lost River","Southeast",1,1973,3956,NA,4172,9142,1124,NA,NA,14438,1.2946302059565
"564",111,"Coho","Lost River","Southeast",1,1974,5000,NA,9142,8805,1759,NA,NA,19706,1.37148524546618
"565",111,"Coho","Lost River","Southeast",1,1975,2600,NA,8805,13780,1510,NA,NA,24095,2.22649290506486
"566",111,"Coho","Lost River","Southeast",1,1976,2400,NA,13780,11828,1830,NA,NA,27438,2.43646017655007
"567",111,"Coho","Lost River","Southeast",1,1977,8100,NA,11828,14363,0,NA,NA,26191,1.1735517786247
"568",111,"Coho","Lost River","Southeast",1,1978,6900,NA,14363,19271,0,NA,NA,33634,1.58401604849734
"569",111,"Coho","Lost River","Southeast",1,1979,16900,NA,29442,15288,0,NA,NA,44730,0.973330795515729
"570",111,"Coho","Lost River","Southeast",1,1980,11400,NA,24801,9806,535,NA,NA,35142,1.12578364093525
"571",111,"Coho","Lost River","Southeast",1,1981,14726,NA,17433,13368,2273,NA,NA,33074,0.809132836281479
"572",111,"Coho","Lost River","Southeast",1,1982,20800,NA,8288,8931,2637,NA,NA,19856,-0.0464467582450209
"573",111,"Coho","Lost River","Southeast",1,1983,16220,NA,5521,10750,1681,NA,NA,17952,0.101456480653019
"574",111,"Coho","Lost River","Southeast",1,1984,13560,NA,7910,7639,1387,NA,NA,16936,0.222317251320314
"575",111,"Coho","Lost River","Southeast",1,1985,6600,NA,6417,6656,918,NA,NA,13991,0.751344616718769
"576",111,"Coho","Lost River","Southeast",1,1986,7220,NA,6378,15602,375,NA,NA,22355,1.13019505678121
"577",111,"Coho","Lost River","Southeast",1,1987,10964,NA,12849,3971,1415,NA,NA,18235,0.508725645820104
"578",111,"Coho","Lost River","Southeast",1,1988,5200,NA,3521,11081,1920,NA,NA,16522,1.15603420055293
"579",111,"Coho","Lost River","Southeast",0,1989,4380,NA,11081,15041,NA,NA,NA,26122,1.78572914676697
"580",111,"Coho","Lost River","Southeast",0,1990,18920,NA,15041,NA,NA,NA,NA,15041,-0.229439757950656
"589",111,"Coho","Lost River","Southeast",1,1972,7600,NA,3361,4172,1167,NA,NA,8700,0.135174778368253
"590",111,"Coho","Lost River","Southeast",1,1973,3956,NA,4172,9142,1124,NA,NA,14438,1.2946302059565
"591",111,"Coho","Lost River","Southeast",1,1974,5000,NA,9142,8805,1759,NA,NA,19706,1.37148524546618
"592",111,"Coho","Lost River","Southeast",1,1975,2600,NA,8805,13780,1510,NA,NA,24095,2.22649290506486
"593",111,"Coho","Lost River","Southeast",1,1976,2400,NA,13780,11828,1830,NA,NA,27438,2.43646017655007
"594",111,"Coho","Lost River","Southeast",1,1977,8100,NA,11828,14363,0,NA,NA,26191,1.1735517786247
"595",111,"Coho","Lost River","Southeast",1,1978,6900,NA,14363,19271,0,NA,NA,33634,1.58401604849734
"596",111,"Coho","Lost River","Southeast",1,1979,16900,NA,29442,15288,0,NA,NA,44730,0.973330795515729
"597",111,"Coho","Lost River","Southeast",1,1980,11400,NA,24801,9806,535,NA,NA,35142,1.12578364093525
"598",111,"Coho","Lost River","Southeast",1,1981,14726,NA,17433,13368,2273,NA,NA,33074,0.809132836281479
"599",111,"Coho","Lost River","Southeast",1,1982,20800,NA,8288,8931,2637,NA,NA,19856,-0.0464467582450209
"600",111,"Coho","Lost River","Southeast",1,1983,16220,NA,5521,10750,1681,NA,NA,17952,0.101456480653019
"601",111,"Coho","Lost River","Southeast",1,1984,13560,NA,7910,7639,1387,NA,NA,16936,0.222317251320314
"602",111,"Coho","Lost River","Southeast",1,1985,6600,NA,6417,6656,918,NA,NA,13991,0.751344616718769
"603",111,"Coho","Lost River","Southeast",1,1986,7220,NA,6378,15602,375,NA,NA,22355,1.13019505678121
"604",111,"Coho","Lost River","Southeast",1,1987,10964,NA,12849,3971,1415,NA,NA,18235,0.508725645820104
"605",111,"Coho","Lost River","Southeast",1,1988,5200,NA,3521,11081,1920,NA,NA,16522,1.15603420055293
"606",111,"Coho","Lost River","Southeast",0,1989,4380,NA,11081,15041,NA,NA,NA,26122,1.78572914676697
"607",111,"Coho","Lost River","Southeast",0,1990,18920,NA,15041,NA,NA,NA,NA,15041,-0.229439757950656
"616",112,"Coho","Situk River","Southeast",1,1972,5100,NA,11951,13331,2535,NA,NA,27817,1.69640680486114
"617",112,"Coho","Situk River","Southeast",1,1973,1719,NA,13615,23827,2611,NA,NA,40053,3.14846085067536
"618",112,"Coho","Situk River","Southeast",1,1974,4260,NA,24334,24544,1902,NA,NA,50780,2.47823341599525
"619",112,"Coho","Situk River","Southeast",1,1975,4500,NA,25066,17882,2231,NA,NA,45179,2.30655498033116
"620",112,"Coho","Situk River","Southeast",1,1976,3280,NA,18262,20972,3292,NA,NA,42526,2.56227223118846
"621",112,"Coho","Situk River","Southeast",1,1977,3750,NA,21419,30941,2174,NA,NA,54534,2.67706852038237
"622",112,"Coho","Situk River","Southeast",1,1978,3850,NA,31599,33341,356,NA,NA,65296,2.83085763036376
"623",112,"Coho","Situk River","Southeast",1,1979,7000,NA,44938,13156,0,NA,NA,58094,2.11615223924606
"624",112,"Coho","Situk River","Southeast",1,1980,8100,NA,24534,30122,5183,NA,NA,59839,1.99979356061825
"625",112,"Coho","Situk River","Southeast",1,1981,8430,NA,50527,44573,927,NA,NA,96027,2.43283262991071
"626",112,"Coho","Situk River","Southeast",1,1982,9180,NA,42500,17298,3917,NA,NA,63715,1.93739280903184
"627",112,"Coho","Situk River","Southeast",1,1983,5300,NA,9885,25678,11757,NA,NA,47320,2.18922621855211
"628",112,"Coho","Situk River","Southeast",1,1984,14000,NA,15233,51925,6495,NA,NA,73653,1.66030754566136
"629",112,"Coho","Situk River","Southeast",1,1985,6490,NA,36250,27603,1791,NA,NA,65644,2.31398367210138
"630",112,"Coho","Situk River","Southeast",1,1986,3162,NA,34097,20296,7520,NA,NA,61913,2.97452543500805
"631",112,"Coho","Situk River","Southeast",1,1987,2000,NA,22086,60163,8810,NA,NA,91059,3.81836046751613
"632",112,"Coho","Situk River","Southeast",1,1988,11000,NA,51568,82809,11254,NA,NA,145631,2.58318075238957
"633",112,"Coho","Situk River","Southeast",0,1989,3900,NA,84571,105786,NA,NA,NA,190357,3.88792470337976
"634",112,"Coho","Situk River","Southeast",0,1990,1630,NA,108036,NA,NA,NA,NA,108036,4.19388449009567
"643",112,"Coho","Situk River","Southeast",1,1972,20400,NA,18431,17956,3097,NA,NA,39484,0.660360625705471
"644",112,"Coho","Situk River","Southeast",1,1973,6876,NA,18338,29115,3189,NA,NA,50642,1.99674418400621
"645",112,"Coho","Situk River","Southeast",1,1974,17040,NA,29734,29972,2952,NA,NA,62658,1.3021278453243
"646",112,"Coho","Situk River","Southeast",1,1975,18000,NA,30610,27752,3446,NA,NA,61808,1.23366104802776
"647",112,"Coho","Situk River","Southeast",1,1976,13120,NA,28342,32393,4556,NA,NA,65291,1.60471641784651
"648",112,"Coho","Situk River","Southeast",1,1977,15000,NA,33083,42827,3001,NA,NA,78911,1.6602704340155
"649",112,"Coho","Situk River","Southeast",1,1978,15400,NA,43739,46009,515,NA,NA,90263,1.76836012174135
"650",112,"Coho","Situk River","Southeast",1,1979,28000,NA,62012,19039,0,NA,NA,81051,1.06287407599329
"651",112,"Coho","Situk River","Southeast",1,1980,32400,NA,35505,43142,6156,NA,NA,84803,0.9621724967323
"652",112,"Coho","Situk River","Southeast",1,1981,33720,NA,72367,52945,1211,NA,NA,126523,1.32233297668882
"653",112,"Coho","Situk River","Southeast",1,1982,36720,NA,50482,22611,4457,NA,NA,77550,0.747601323870258
"654",112,"Coho","Situk River","Southeast",1,1983,21200,NA,12920,29218,15717,NA,NA,57855,1.00393869865033
"655",112,"Coho","Situk River","Southeast",1,1984,56000,NA,17333,69415,7899,NA,NA,94647,0.524802490696785
"656",112,"Coho","Situk River","Southeast",1,1985,25960,NA,48460,33570,1937,NA,NA,83967,1.17386697267598
"657",112,"Coho","Situk River","Southeast",1,1986,12648,NA,41468,21958,9053,NA,NA,72479,1.74579776482288
"658",112,"Coho","Situk River","Southeast",1,1987,8000,NA,23896,72427,10883,NA,NA,107206,2.59531067553985
"659",112,"Coho","Situk River","Southeast",1,1988,44000,NA,62080,102296,12859,NA,NA,177235,1.39328690167884
"660",112,"Coho","Situk River","Southeast",0,1989,15600,NA,104472,120873,NA,NA,NA,225345,2.67036164692701
"661",112,"Coho","Situk River","Southeast",0,1990,6520,NA,123444,NA,NA,NA,NA,123444,2.94091323599833
"670",112,"Coho","Situk River","Southeast",1,1972,10200,NA,14111,14873,2722,NA,NA,31706,1.13411821713081
"671",112,"Coho","Situk River","Southeast",1,1973,3438,NA,15189,25590,2804,NA,NA,43583,2.53977725910346
"672",112,"Coho","Situk River","Southeast",1,1974,8520,NA,26134,26353,2252,NA,NA,54739,1.86016009442761
"673",112,"Coho","Situk River","Southeast",1,1975,9000,NA,26914,21172,2636,NA,NA,50722,1.72913516419198
"674",112,"Coho","Situk River","Southeast",1,1976,6560,NA,21622,24779,3713,NA,NA,50114,2.03330980721619
"675",112,"Coho","Situk River","Southeast",1,1977,7500,NA,25307,34903,2450,NA,NA,62660,2.12282026498178
"676",112,"Coho","Situk River","Southeast",1,1978,7700,NA,35646,37564,409,NA,NA,73619,2.25768281573357
"677",112,"Coho","Situk River","Southeast",1,1979,14000,NA,50629,15117,0,NA,NA,65746,1.5467415030901
"678",112,"Coho","Situk River","Southeast",1,1980,16200,NA,28191,34462,5507,NA,NA,68160,1.43684664028272
"679",112,"Coho","Situk River","Southeast",1,1981,16860,NA,57807,47364,1022,NA,NA,106193,1.84031424069075
"680",112,"Coho","Situk River","Southeast",1,1982,18360,NA,45161,19069,4097,NA,NA,68327,1.3141306180558
"681",112,"Coho","Situk River","Southeast",1,1983,10600,NA,10897,26858,13077,NA,NA,50832,1.56767207640914
"682",112,"Coho","Situk River","Southeast",1,1984,28000,NA,15933,57755,6963,NA,NA,80651,1.05792669357519
"683",112,"Coho","Situk River","Southeast",1,1985,12980,NA,40320,29592,1840,NA,NA,71752,1.70980601753976
"684",112,"Coho","Situk River","Southeast",1,1986,6324,NA,36554,20850,8031,NA,NA,65435,2.33670536416022
"685",112,"Coho","Situk River","Southeast",1,1987,4000,NA,22690,64251,9501,NA,NA,96442,3.18264743026091
"686",112,"Coho","Situk River","Southeast",1,1988,22000,NA,55072,89305,11789,NA,NA,156166,1.9598770906995
"687",112,"Coho","Situk River","Southeast",0,1989,7800,NA,91205,110815,NA,NA,NA,202020,3.25424296870549
"688",112,"Coho","Situk River","Southeast",0,1990,3260,NA,113172,NA,NA,NA,NA,113172,3.54718158997113
"697",112,"Coho","Situk River","Southeast",1,1972,6800,NA,12671,13845,2597,NA,NA,29113,1.45426219763403
"698",112,"Coho","Situk River","Southeast",1,1973,2292,NA,14139,24415,2675,NA,NA,41229,2.88971709338833
"699",112,"Coho","Situk River","Southeast",1,1974,5680,NA,24934,25147,2019,NA,NA,52100,2.21621371602626
"700",112,"Coho","Situk River","Southeast",1,1975,6000,NA,25682,18978,2366,NA,NA,47026,2.05894117101736
"701",112,"Coho","Situk River","Southeast",1,1976,4373,NA,19382,22241,3432,NA,NA,45055,2.33243469325622
"702",112,"Coho","Situk River","Southeast",1,1977,5000,NA,22715,32262,2266,NA,NA,57243,2.43786745178221
"703",112,"Coho","Situk River","Southeast",1,1978,5133,NA,32948,34748,373,NA,NA,68069,2.58483161301427
"704",112,"Coho","Situk River","Southeast",1,1979,9333,NA,46835,13810,0,NA,NA,60645,1.87148068517723
"705",112,"Coho","Situk River","Southeast",1,1980,10800,NA,25753,31569,5291,NA,NA,62613,1.75742679014755
"706",112,"Coho","Situk River","Southeast",1,1981,11240,NA,52954,45503,958,NA,NA,99415,2.1798241632445
"707",112,"Coho","Situk River","Southeast",1,1982,12240,NA,43387,17889,3977,NA,NA,65253,1.67356274507321
"708",112,"Coho","Situk River","Southeast",1,1983,7067,NA,10222,26072,12197,NA,NA,48491,1.92594215200472
"709",112,"Coho","Situk River","Southeast",1,1984,18667,NA,15466,53869,6652,NA,NA,75987,1.40380501397312
"710",112,"Coho","Situk River","Southeast",1,1985,8653,NA,37606,28271,1807,NA,NA,67684,2.05694373358178
"711",112,"Coho","Situk River","Southeast",1,1986,4216,NA,34923,20480,7691,NA,NA,63094,2.7057388666238
"712",112,"Coho","Situk River","Southeast",1,1987,2667,NA,22287,61526,9040,NA,NA,92853,3.55006335225458
"713",112,"Coho","Situk River","Southeast",1,1988,14667,NA,52736,84975,11432,NA,NA,149143,2.3193055049766
"714",112,"Coho","Situk River","Southeast",0,1989,5200,NA,86783,107462,NA,NA,NA,194245,3.62046162330335
"715",112,"Coho","Situk River","Southeast",0,1990,2173,NA,109749,NA,NA,NA,NA,109749,3.92208723902217
"724",113,"Coho","Tsiu River","Southeast",1,1973,30000,NA,17468,19809,5379,NA,NA,42656,0.351970562334143
"725",113,"Coho","Tsiu River","Southeast",1,1974,15000,NA,15999,46619,4125,NA,NA,66743,1.49279922176516
"726",113,"Coho","Tsiu River","Southeast",1,1975,8150,NA,37654,35749,3326,NA,NA,76729,2.24226180613977
"727",113,"Coho","Tsiu River","Southeast",1,1976,30000,NA,28874,28825,3562,NA,NA,61261,0.713946043474732
"728",113,"Coho","Tsiu River","Southeast",1,1977,25000,NA,23281,30871,4641,NA,NA,58793,0.855146975330603
"729",113,"Coho","Tsiu River","Southeast",1,1978,40000,NA,24935,61498,937,NA,NA,87370,0.781272520196067
"730",113,"Coho","Tsiu River","Southeast",1,1979,25000,NA,49895,22020,0,NA,NA,71915,1.05660904118765
"731",113,"Coho","Tsiu River","Southeast",1,1980,18000,NA,23895,26839,7478,NA,NA,58212,1.17371976115492
"732",113,"Coho","Tsiu River","Southeast",1,1981,20000,NA,72564,82263,3850,NA,NA,158677,2.07113841593913
"733",113,"Coho","Tsiu River","Southeast",1,1982,40000,NA,59828,20531,9188,NA,NA,89547,0.805884172994098
"734",113,"Coho","Tsiu River","Southeast",1,1983,16500,NA,18392,36139,10657,NA,NA,65188,1.37391502200721
"735",113,"Coho","Tsiu River","Southeast",1,1984,30000,NA,15926,54107,7868,NA,NA,77901,0.954241408102629
"736",113,"Coho","Tsiu River","Southeast",1,1985,52350,NA,17216,53949,2882,NA,NA,74047,0.346748089409802
"737",113,"Coho","Tsiu River","Southeast",1,1986,14100,NA,50577,35734,1167,NA,NA,87478,1.82521253579456
"738",113,"Coho","Tsiu River","Southeast",1,1987,8500,NA,19020,33830,5453,NA,NA,58303,1.92558738651225
"739",113,"Coho","Tsiu River","Southeast",1,1988,16000,NA,23331,66805,5426,NA,NA,95562,1.78718652925792
"740",113,"Coho","Tsiu River","Southeast",0,1989,38000,NA,64078,47023,NA,NA,NA,111101,1.07285353777878
"741",113,"Coho","Tsiu River","Southeast",0,1990,16800,NA,37980,NA,NA,NA,NA,37980,0.815680818974927
"750",113,"Coho","Tsiu River","Southeast",1,1973,120000,NA,55268,58809,12579,NA,NA,126656,0.0539830071980546
"751",113,"Coho","Tsiu River","Southeast",1,1974,60000,NA,47499,109019,8625,NA,NA,165143,1.01246720300644
"752",113,"Coho","Tsiu River","Southeast",1,1975,32600,NA,88054,74749,6526,NA,NA,169329,1.64753127965909
"753",113,"Coho","Tsiu River","Southeast",1,1976,120000,NA,60374,56905,7162,NA,NA,124441,0.0363399652163875
"754",113,"Coho","Tsiu River","Southeast",1,1977,100000,NA,45961,62071,9441,NA,NA,117473,0.161038333956948
"755",113,"Coho","Tsiu River","Southeast",1,1978,160000,NA,50135,125098,1927,NA,NA,177160,0.101879463821171
"756",113,"Coho","Tsiu River","Southeast",1,1979,100000,NA,101495,45285,0,NA,NA,146780,0.383764681128825
"757",113,"Coho","Tsiu River","Southeast",1,1980,72000,NA,49140,51139,15331,NA,NA,115610,0.473556338671175
"758",113,"Coho","Tsiu River","Southeast",1,1981,80000,NA,138264,168640,7657,NA,NA,314561,1.36915138132361
"759",113,"Coho","Tsiu River","Southeast",1,1982,160000,NA,122648,40835,13013,NA,NA,176496,0.0981243979931989
"760",113,"Coho","Tsiu River","Southeast",1,1983,66000,NA,36581,51184,16897,NA,NA,104662,0.461081368232472
"761",113,"Coho","Tsiu River","Southeast",1,1984,120000,NA,22556,85787,15848,NA,NA,124191,0.0343289603235909
"762",113,"Coho","Tsiu River","Southeast",1,1985,209400,NA,27296,108669,5402,NA,NA,141367,-0.392886952692332
"763",113,"Coho","Tsiu River","Southeast",1,1986,56400,NA,101877,66982,2163,NA,NA,171022,1.10932304469407
"764",113,"Coho","Tsiu River","Southeast",1,1987,34000,NA,35652,62714,9377,NA,NA,107743,1.15338823706015
"765",113,"Coho","Tsiu River","Southeast",1,1988,64000,NA,43251,114874,8576,NA,NA,166701,0.957318705179324
"766",113,"Coho","Tsiu River","Southeast",0,1989,152000,NA,110185,74323,NA,NA,NA,184508,0.193812302127873
"767",113,"Coho","Tsiu River","Southeast",0,1990,67200,NA,60030,NA,NA,NA,NA,60030,-0.112828810265352
"776",113,"Coho","Tsiu River","Southeast",1,1973,60000,NA,30068,32809,7779,NA,NA,70656,0.163478468992475
"777",113,"Coho","Tsiu River","Southeast",1,1974,30000,NA,26499,67419,5625,NA,NA,99543,1.19939232995183
"778",113,"Coho","Tsiu River","Southeast",1,1975,16300,NA,54454,48749,4406,NA,NA,107609,1.88733917953975
"779",113,"Coho","Tsiu River","Southeast",1,1976,60000,NA,39374,38185,4762,NA,NA,82321,0.31628167694614
"780",113,"Coho","Tsiu River","Southeast",1,1977,50000,NA,30841,41271,6241,NA,NA,78353,0.449201252366441
"781",113,"Coho","Tsiu River","Southeast",1,1978,80000,NA,33335,82698,1267,NA,NA,117300,0.382708120985548
"782",113,"Coho","Tsiu River","Southeast",1,1979,50000,NA,67095,29775,0,NA,NA,96870,0.661346868010148
"783",113,"Coho","Tsiu River","Southeast",1,1980,36000,NA,32310,34939,10096,NA,NA,77345,0.764756995232518
"784",113,"Coho","Tsiu River","Southeast",1,1981,40000,NA,94464,111055,5119,NA,NA,210638,1.66126156615627
"785",113,"Coho","Tsiu River","Southeast",1,1982,80000,NA,80768,27299,10463,NA,NA,118530,0.393139458417527
"786",113,"Coho","Tsiu River","Southeast",1,1983,33000,NA,24455,41154,12737,NA,NA,78346,0.864627353064849
"787",113,"Coho","Tsiu River","Southeast",1,1984,60000,NA,18136,64667,10528,NA,NA,93331,0.441807751966534
"788",113,"Coho","Tsiu River","Southeast",1,1985,104700,NA,20576,72189,3722,NA,NA,96487,-0.0816908336323418
"789",113,"Coho","Tsiu River","Southeast",1,1986,28200,NA,67677,46150,1499,NA,NA,115326,1.40844092260898
"790",113,"Coho","Tsiu River","Southeast",1,1987,17000,NA,24564,43458,6761,NA,NA,74783,1.48137724236658
"791",113,"Coho","Tsiu River","Southeast",1,1988,32000,NA,29971,82828,6476,NA,NA,119275,1.31569584860244
"792",113,"Coho","Tsiu River","Southeast",0,1989,76000,NA,79447,56123,NA,NA,NA,135570,0.578754771804967
"793",113,"Coho","Tsiu River","Southeast",0,1990,33600,NA,45330,NA,NA,NA,NA,45330,0.299442997983599
"802",113,"Coho","Tsiu River","Southeast",1,1973,40000,NA,21668,24142,6179,NA,NA,51989,0.262152703628536
"803",113,"Coho","Tsiu River","Southeast",1,1974,20000,NA,19499,53552,4625,NA,NA,77676,1.35681405579738
"804",113,"Coho","Tsiu River","Southeast",1,1975,10867,NA,43254,40082,3686,NA,NA,87022,2.08043028616996
"805",113,"Coho","Tsiu River","Southeast",1,1976,40000,NA,32374,31945,3962,NA,NA,68281,0.534752089282094
"806",113,"Coho","Tsiu River","Southeast",1,1977,33333,NA,25801,34338,5175,NA,NA,65314,0.6726585111326
"807",113,"Coho","Tsiu River","Southeast",1,1978,53333,NA,27735,68565,1047,NA,NA,97347,0.601726638156194
"808",113,"Coho","Tsiu River","Southeast",1,1979,33333,NA,55628,24605,0,NA,NA,80233,0.878387004293074
"809",113,"Coho","Tsiu River","Southeast",1,1980,24000,NA,26700,29539,8351,NA,NA,64590,0.990005769696436
"810",113,"Coho","Tsiu River","Southeast",1,1981,26667,NA,79864,91860,4273,NA,NA,175997,1.88704010351068
"811",113,"Coho","Tsiu River","Southeast",1,1982,53333,NA,66808,22787,9613,NA,NA,99208,0.620663379654285
"812",113,"Coho","Tsiu River","Southeast",1,1983,22000,NA,20413,37810,11351,NA,NA,69574,1.15134848097155
"813",113,"Coho","Tsiu River","Southeast",1,1984,40000,NA,16662,57627,8754,NA,NA,83043,0.730479091818702
"814",113,"Coho","Tsiu River","Southeast",1,1985,69800,NA,18336,60029,3162,NA,NA,81527,0.155300243958182
"815",113,"Coho","Tsiu River","Southeast",1,1986,18800,NA,56277,39206,1277,NA,NA,96760,1.63837681590592
"816",113,"Coho","Tsiu River","Southeast",1,1987,11333,NA,20868,37039,5889,NA,NA,63796,1.7279716687097
"817",113,"Coho","Tsiu River","Southeast",1,1988,21333,NA,25544,72146,5776,NA,NA,103466,1.57898788675174
"818",113,"Coho","Tsiu River","Southeast",0,1989,50667,NA,69201,50056,NA,NA,NA,119257,0.85600601715141
"819",113,"Coho","Tsiu River","Southeast",0,1990,22400,NA,40430,NA,NA,NA,NA,40430,0.590511124791685
